sku,category,name,brand,price,stock,specs,description,image_url
CPU-R5-5600,Процессоры,AMD Ryzen 5 5600 BOX,AMD,9990,18,Сокет: AM4; Ядра/потоки: 6/12; Частота: 3.5–4.4 ГГц; TDP: 65 Вт; Память: DDR4; Встроенная графика: нет; Кулер в комплекте: да,Самый доступный вход в игровой ПК на AM4.,images/CPU-R5-5600.jpg
CPU-R5-5600G,Процессоры,AMD Ryzen 5 5600G BOX,AMD,10990,10,Сокет: AM4; Ядра/потоки: 6/12; Частота: 3.9–4.4 ГГц; TDP: 65 Вт; Память: DDR4; Встроенная графика: да (Radeon Vega 7); Кулер в комплекте: да,Для офисного и домашнего ПК без видеокарты.,images/CPU-R5-5600G.jpg
CPU-R5-7600,Процессоры,AMD Ryzen 5 7600 BOX,AMD,19990,12,Сокет: AM5; Ядра/потоки: 6/12; Частота: 3.8–5.1 ГГц; TDP: 65 Вт; Память: DDR5; Встроенная графика: да (Radeon 610M); Кулер в комплекте: да,Оптимальный процессор для игрового ПК среднего уровня.,images/CPU-R5-7600.jpg
CPU-R5-9600X,Процессоры,AMD Ryzen 5 9600X,AMD,24990,6,Сокет: AM5; Ядра/потоки: 6/12; Частота: 3.9–5.4 ГГц; TDP: 65 Вт; Память: DDR5; Встроенная графика: да (Radeon); Кулер в комплекте: нет,Zen 5: высокая производительность на ядро.,images/CPU-R5-9600X.jpg
CPU-R7-9700X,Процессоры,AMD Ryzen 7 9700X,AMD,34990,5,Сокет: AM5; Ядра/потоки: 8/16; Частота: 3.8–5.5 ГГц; TDP: 65 Вт; Память: DDR5; Встроенная графика: да (Radeon); Кулер в комплекте: нет,Универсальный 8-ядерник для игр и работы.,images/CPU-R7-9700X.jpg
CPU-R7-7800X3D,Процессоры,AMD Ryzen 7 7800X3D,AMD,42990,4,Сокет: AM5; Ядра/потоки: 8/16; Частота: 4.2–5.0 ГГц; Кэш L3: 96 МБ (3D V-Cache); TDP: 120 Вт; Память: DDR5; Встроенная графика: да (Radeon); Кулер в комплекте: нет,Один из лучших игровых процессоров.,images/CPU-R7-7800X3D.jpg
CPU-R9-9900X,Процессоры,AMD Ryzen 9 9900X,AMD,49990,3,Сокет: AM5; Ядра/потоки: 12/24; Частота: 4.4–5.6 ГГц; TDP: 120 Вт; Память: DDR5; Встроенная графика: да (Radeon); Кулер в комплекте: нет,"Для монтажа, рендеринга и стриминга.",images/CPU-R9-9900X.jpg
CPU-I3-12100F,Процессоры,Intel Core i3-12100F BOX,Intel,7490,15,Сокет: LGA1700; Ядра/потоки: 4/8; Частота: 3.3–4.3 ГГц; TDP: 58 Вт; Память: DDR4/DDR5; Встроенная графика: нет; Кулер в комплекте: да,"Бюджетный процессор для лёгких игр, нужна видеокарта.",images/CPU-I3-12100F.jpg
CPU-I5-12400F,Процессоры,Intel Core i5-12400F BOX,Intel,11990,20,Сокет: LGA1700; Ядра/потоки: 6/12; Частота: 2.5–4.4 ГГц; TDP: 65 Вт; Память: DDR4/DDR5; Встроенная графика: нет; Кулер в комплекте: да,"Народный игровой процессор, нужна видеокарта.",images/CPU-I5-12400F.jpg
CPU-I5-13400,Процессоры,Intel Core i5-13400 BOX,Intel,19490,8,Сокет: LGA1700; Ядра/потоки: 10/16; Частота: 2.5–4.6 ГГц; TDP: 65 Вт; Память: DDR4/DDR5; Встроенная графика: да (UHD 730); Кулер в комплекте: да,Хороший выбор для рабочего ПК без видеокарты.,images/CPU-I5-13400.jpg
CPU-I5-14600KF,Процессоры,Intel Core i5-14600KF,Intel,27990,7,Сокет: LGA1700; Ядра/потоки: 14/20; Частота: 3.5–5.3 ГГц; TDP: 125 Вт; Память: DDR4/DDR5; Встроенная графика: нет; Кулер в комплекте: нет,"Мощный универсальный процессор, нужен хороший кулер.",images/CPU-I5-14600KF.jpg
CPU-I7-14700K,Процессоры,Intel Core i7-14700K,Intel,42990,3,Сокет: LGA1700; Ядра/потоки: 20/28; Частота: 3.4–5.6 ГГц; TDP: 125 Вт; Память: DDR4/DDR5; Встроенная графика: да (UHD 770); Кулер в комплекте: нет,20 ядер для тяжёлой работы и игр.,images/CPU-I7-14700K.jpg
CPU-U7-265K,Процессоры,Intel Core Ultra 7 265K,Intel,44990,2,Сокет: LGA1851; Ядра/потоки: 20/20; Частота: 3.9–5.5 ГГц; TDP: 125 Вт; Память: DDR5; Встроенная графика: да (Intel Graphics); Кулер в комплекте: нет,Новая платформа Intel с NPU для ИИ-задач.,images/CPU-U7-265K.jpg
MB-A520M,Материнские платы,ASRock A520M-HDV,ASRock,6490,9,"Сокет: AM4; Чипсет: A520; Форм-фактор: mATX; Память: DDR4, 2 слота, до 64 ГБ; M.2: 1; Wi-Fi: нет",Простая плата для офисного ПК на AM4.,images/MB-A520M.jpg
MB-B550M-VDH,Материнские платы,MSI B550M PRO-VDH,MSI,9490,12,"Сокет: AM4; Чипсет: B550; Форм-фактор: mATX; Память: DDR4, 4 слота, до 128 ГБ; M.2: 2; Wi-Fi: нет",,images/MB-B550M-VDH.jpg
MB-A620M,Материнские платы,Gigabyte A620M GAMING X,Gigabyte,10990,8,"Сокет: AM5; Чипсет: A620; Форм-фактор: mATX; Память: DDR5, 2 слота, до 96 ГБ; M.2: 1; Wi-Fi: нет",Самый доступный вход на AM5.,images/MB-A620M.jpg
MB-B650M-A,Материнские платы,MSI PRO B650M-A WIFI,MSI,17990,8,"Сокет: AM5; Чипсет: B650; Форм-фактор: mATX; Память: DDR5, 4 слота, до 192 ГБ; M.2: 2; Wi-Fi: да (6E); Bluetooth: 5.3",,images/MB-B650M-A.jpg
MB-B650-TUF,Материнские платы,ASUS TUF GAMING B650-PLUS WIFI,ASUS,21990,4,"Сокет: AM5; Чипсет: B650; Форм-фактор: ATX; Память: DDR5, 4 слота, до 192 ГБ; M.2: 3; Wi-Fi: да (6)",,images/MB-B650-TUF.jpg
MB-B650I,Материнские платы,ASUS ROG STRIX B650E-I GAMING WIFI,ASUS,29990,2,"Сокет: AM5; Чипсет: B650E; Форм-фактор: Mini-ITX; Память: DDR5, 2 слота, до 96 ГБ; M.2: 2; Wi-Fi: да (6E)",Для компактных сборок.,images/MB-B650I.jpg
MB-X870-E,Материнские платы,MSI MAG X870 TOMAHAWK WIFI,MSI,32990,2,"Сокет: AM5; Чипсет: X870; Форм-фактор: ATX; Память: DDR5, 4 слота, до 256 ГБ; M.2: 4; Wi-Fi: да (7); USB4: да",Топовая плата для Ryzen 9000.,images/MB-X870-E.jpg
MB-H610M-D4,Материнские платы,Gigabyte H610M S2H DDR4,Gigabyte,6990,10,"Сокет: LGA1700; Чипсет: H610; Форм-фактор: mATX; Память: DDR4, 2 слота, до 64 ГБ; M.2: 1; Wi-Fi: нет",,images/MB-H610M-D4.jpg
MB-B760M-D4,Материнские платы,Gigabyte B760M DS3H DDR4,Gigabyte,10990,10,"Сокет: LGA1700; Чипсет: B760; Форм-фактор: mATX; Память: DDR4, 4 слота, до 128 ГБ; M.2: 2; Wi-Fi: нет",,images/MB-B760M-D4.jpg
MB-B760M-D5,Материнские платы,ASUS PRIME B760M-A WIFI D5,ASUS,14990,6,"Сокет: LGA1700; Чипсет: B760; Форм-фактор: mATX; Память: DDR5, 4 слота, до 192 ГБ; M.2: 2; Wi-Fi: да (6)",,images/MB-B760M-D5.jpg
MB-Z790-P,Материнские платы,ASUS PRIME Z790-P WIFI,ASUS,23990,3,"Сокет: LGA1700; Чипсет: Z790; Форм-фактор: ATX; Память: DDR5, 4 слота, до 192 ГБ; M.2: 3; Wi-Fi: да (6); Разгон: да",,images/MB-Z790-P.jpg
MB-Z890-A,Материнские платы,MSI PRO Z890-A WIFI,MSI,34990,2,"Сокет: LGA1851; Чипсет: Z890; Форм-фактор: ATX; Память: DDR5, 4 слота, до 192 ГБ; M.2: 4; Wi-Fi: да (7)",Для Intel Core Ultra 200.,images/MB-Z890-A.jpg
RAM-D4-16-3200,Оперативная память,Corsair Vengeance LPX 16 ГБ (2×8) DDR4-3200,Corsair,3990,30,Тип: DDR4; Объём: 16 ГБ; Комплект: 2×8 ГБ; Частота: 3200 МГц; Тайминги: CL16,,images/RAM-D4-16-3200.jpg
RAM-D4-32-3600,Оперативная память,Kingston FURY Beast 32 ГБ (2×16) DDR4-3600,Kingston,6990,14,Тип: DDR4; Объём: 32 ГБ; Комплект: 2×16 ГБ; Частота: 3600 МГц; Тайминги: CL18,,images/RAM-D4-32-3600.jpg
RAM-D4-64-3200,Оперативная память,Crucial Pro 64 ГБ (2×32) DDR4-3200,Crucial,12990,4,Тип: DDR4; Объём: 64 ГБ; Комплект: 2×32 ГБ; Частота: 3200 МГц; Тайминги: CL22,,images/RAM-D4-64-3200.jpg
RAM-D5-16-5600,Оперативная память,Kingston FURY Beast 16 ГБ (2×8) DDR5-5600,Kingston,5990,12,Тип: DDR5; Объём: 16 ГБ; Комплект: 2×8 ГБ; Частота: 5600 МГц; Тайминги: CL36,,images/RAM-D5-16-5600.jpg
RAM-D5-32-6000,Оперативная память,Kingston FURY Beast 32 ГБ (2×16) DDR5-6000 CL30,Kingston,10490,25,Тип: DDR5; Объём: 32 ГБ; Комплект: 2×16 ГБ; Частота: 6000 МГц; Тайминги: CL30; Профили: EXPO/XMP,,images/RAM-D5-32-6000.jpg
RAM-D5-32-RGBW,Оперативная память,G.Skill Trident Z5 RGB 32 ГБ (2×16) DDR5-6400 белая,G.Skill,12990,5,Тип: DDR5; Объём: 32 ГБ; Комплект: 2×16 ГБ; Частота: 6400 МГц; Тайминги: CL32; RGB: да; Цвет: белый,,images/RAM-D5-32-RGBW.jpg
RAM-D5-64-6000,Оперативная память,G.Skill Trident Z5 RGB 64 ГБ (2×32) DDR5-6000,G.Skill,21990,6,Тип: DDR5; Объём: 64 ГБ; Комплект: 2×32 ГБ; Частота: 6000 МГц; Тайминги: CL30; RGB: да,,images/RAM-D5-64-6000.jpg
RAM-D5-96-6000,Оперативная память,Corsair Vengeance 96 ГБ (2×48) DDR5-6000,Corsair,32990,2,Тип: DDR5; Объём: 96 ГБ; Комплект: 2×48 ГБ; Частота: 6000 МГц; Тайминги: CL30,"Для 3D, нейросетей и виртуализации.",images/RAM-D5-96-6000.jpg
GPU-3050-6,Видеокарты,Palit GeForce RTX 3050 StormX 6 ГБ,Palit,17990,7,"GPU: RTX 3050; Видеопамять: 6 ГБ GDDR6; Длина: 170 мм; Слоты: 2; Питание: без доп. питания; Рекомендуемый БП: 300 Вт; Выходы: DP, HDMI, DVI",Для лёгких игр и компактных ПК.,images/GPU-3050-6.jpg
GPU-RX6600,Видеокарты,ASRock Radeon RX 6600 Challenger D 8 ГБ,ASRock,22990,9,"GPU: RX 6600; Видеопамять: 8 ГБ GDDR6; Длина: 269 мм; Слоты: 2; Питание: 1×8-pin; Рекомендуемый БП: 500 Вт; Выходы: 3×DP, 1×HDMI",Лучшая цена за FPS в Full HD.,images/GPU-RX6600.jpg
GPU-RX7600,Видеокарты,Sapphire PULSE Radeon RX 7600 8 ГБ,Sapphire,27990,6,"GPU: RX 7600; Видеопамять: 8 ГБ GDDR6; Длина: 240 мм; Слоты: 2; Питание: 1×8-pin; Рекомендуемый БП: 550 Вт; Выходы: 3×DP, 1×HDMI",,images/GPU-RX7600.jpg
GPU-4060-8,Видеокарты,MSI GeForce RTX 4060 VENTUS 2X 8 ГБ,MSI,32990,9,"GPU: RTX 4060; Видеопамять: 8 ГБ GDDR6; Длина: 199 мм; Слоты: 2; Питание: 1×8-pin; Рекомендуемый БП: 550 Вт; Выходы: 3×DP, 1×HDMI","Для игр в Full HD на высоких настройках, DLSS 3.",images/GPU-4060-8.jpg
GPU-4060TI-8,Видеокарты,Gigabyte GeForce RTX 4060 Ti EAGLE 8 ГБ,Gigabyte,42990,5,"GPU: RTX 4060 Ti; Видеопамять: 8 ГБ GDDR6; Длина: 272 мм; Слоты: 2; Питание: 1×8-pin; Рекомендуемый БП: 550 Вт; Выходы: 2×DP, 2×HDMI",,images/GPU-4060TI-8.jpg
GPU-RX7700XT,Видеокарты,PowerColor Hellhound Radeon RX 7700 XT 12 ГБ,PowerColor,47990,4,"GPU: RX 7700 XT; Видеопамять: 12 ГБ GDDR6; Длина: 322 мм; Слоты: 2.5; Питание: 2×8-pin; Рекомендуемый БП: 700 Вт; Выходы: 3×DP, 1×HDMI",,images/GPU-RX7700XT.jpg
GPU-RX7800XT,Видеокарты,Sapphire PULSE Radeon RX 7800 XT 16 ГБ,Sapphire,57990,5,"GPU: RX 7800 XT; Видеопамять: 16 ГБ GDDR6; Длина: 280 мм; Слоты: 2.5; Питание: 2×8-pin; Рекомендуемый БП: 700 Вт; Выходы: 2×DP, 2×HDMI",Отличный выбор для 1440p.,images/GPU-RX7800XT.jpg
GPU-4070S-12,Видеокарты,Gigabyte GeForce RTX 4070 SUPER WINDFORCE OC 12 ГБ,Gigabyte,64990,4,"GPU: RTX 4070 SUPER; Видеопамять: 12 ГБ GDDR6X; Длина: 261 мм; Слоты: 2.5; Питание: 1×16-pin (переходник в комплекте); Рекомендуемый БП: 650 Вт; Выходы: 3×DP, 1×HDMI",Для 1440p и трассировки лучей.,images/GPU-4070S-12.jpg
GPU-5070-12,Видеокарты,ASUS PRIME GeForce RTX 5070 OC 12 ГБ,ASUS,69990,3,"GPU: RTX 5070; Видеопамять: 12 ГБ GDDR7; Длина: 304 мм; Слоты: 2.5; Питание: 1×16-pin (переходник в комплекте); Рекомендуемый БП: 650 Вт; Выходы: 3×DP, 1×HDMI","Новое поколение, DLSS 4.",images/GPU-5070-12.jpg
GPU-4070TIS-16,Видеокарты,MSI GeForce RTX 4070 Ti SUPER VENTUS 3X 16 ГБ,MSI,89990,2,"GPU: RTX 4070 Ti SUPER; Видеопамять: 16 ГБ GDDR6X; Длина: 308 мм; Слоты: 3; Питание: 1×16-pin (переходник в комплекте); Рекомендуемый БП: 750 Вт; Выходы: 3×DP, 1×HDMI",,images/GPU-4070TIS-16.jpg
GPU-4080S-16,Видеокарты,ASUS TUF GeForce RTX 4080 SUPER 16 ГБ,ASUS,119990,2,"GPU: RTX 4080 SUPER; Видеопамять: 16 ГБ GDDR6X; Длина: 348 мм; Слоты: 3.65; Питание: 1×16-pin; Рекомендуемый БП: 850 Вт; Выходы: 3×DP, 2×HDMI",Для 4K-гейминга и работы с нейросетями.,images/GPU-4080S-16.jpg
GPU-4090-24,Видеокарты,Gigabyte GeForce RTX 4090 GAMING OC 24 ГБ,Gigabyte,219990,0,"GPU: RTX 4090; Видеопамять: 24 ГБ GDDR6X; Длина: 340 мм; Слоты: 3.5; Питание: 1×16-pin; Рекомендуемый БП: 1000 Вт; Выходы: 3×DP, 1×HDMI",Максимум производительности. Под заказ 5–7 дней.,images/GPU-4090-24.jpg
SSD-480-A400,Накопители,"Kingston A400 480 ГБ 2.5"" SATA",Kingston,3290,20,"Тип: SSD 2.5"" SATA; Объём: 480 ГБ; Чтение/запись: 500/450 МБ/с",Для апгрейда старого ПК или ноутбука.,images/SSD-480-A400.jpg
SSD-500-NV3,Накопители,Kingston NV3 500 ГБ M.2 NVMe,Kingston,4290,25,Тип: SSD M.2 NVMe; Интерфейс: PCIe 4.0 x4; Объём: 500 ГБ; Чтение/запись: 5000/3000 МБ/с,,images/SSD-500-NV3.jpg
SSD-1TB-NV3,Накопители,Kingston NV3 1 ТБ M.2 NVMe,Kingston,6490,40,Тип: SSD M.2 NVMe; Интерфейс: PCIe 4.0 x4; Объём: 1 ТБ; Чтение/запись: 6000/4000 МБ/с,,images/SSD-1TB-NV3.jpg
SSD-1TB-980,Накопители,Samsung 980 1 ТБ M.2 NVMe,Samsung,8490,10,Тип: SSD M.2 NVMe; Интерфейс: PCIe 3.0 x4; Объём: 1 ТБ; Чтение/запись: 3500/3000 МБ/с,,images/SSD-1TB-980.jpg
SSD-1TB-SN850X,Накопители,WD_BLACK SN850X 1 ТБ M.2 NVMe,WD,10990,7,Тип: SSD M.2 NVMe; Интерфейс: PCIe 4.0 x4; Объём: 1 ТБ; Чтение/запись: 7300/6300 МБ/с,Быстрый SSD для игр.,images/SSD-1TB-SN850X.jpg
SSD-2TB-P3,Накопители,Crucial P3 Plus 2 ТБ M.2 NVMe,Crucial,12990,8,Тип: SSD M.2 NVMe; Интерфейс: PCIe 4.0 x4; Объём: 2 ТБ; Чтение/запись: 5000/4200 МБ/с,,images/SSD-2TB-P3.jpg
SSD-2TB-990,Накопители,Samsung 990 PRO 2 ТБ M.2 NVMe,Samsung,16990,8,Тип: SSD M.2 NVMe; Интерфейс: PCIe 4.0 x4; Объём: 2 ТБ; Чтение/запись: 7450/6900 МБ/с,,images/SSD-2TB-990.jpg
HDD-2TB-BLUE,Накопители,"WD Blue 2 ТБ 3.5"" 7200 rpm",WD,6990,10,"Тип: HDD 3.5""; Интерфейс: SATA III; Объём: 2 ТБ; Скорость: 7200 об/мин","Для хранения фото, видео и архивов.",images/HDD-2TB-BLUE.jpg
HDD-4TB-BARRA,Накопители,"Seagate BarraCuda 4 ТБ 3.5""",Seagate,9990,6,"Тип: HDD 3.5""; Интерфейс: SATA III; Объём: 4 ТБ; Скорость: 5400 об/мин",,images/HDD-4TB-BARRA.jpg
PSU-450-BRONZE,Блоки питания,Zalman MegaMax 450 Вт,Zalman,3990,12,Мощность: 450 Вт; Сертификат: 80 PLUS Bronze; Форм-фактор: ATX; Модульность: нет; Разъёмы PCIe: 1×(6+2)-pin,Для офисных сборок.,images/PSU-450-BRONZE.jpg
PSU-550-BRONZE,Блоки питания,DeepCool PK550D 550 Вт,DeepCool,4990,15,Мощность: 550 Вт; Сертификат: 80 PLUS Bronze; Форм-фактор: ATX; Модульность: нет; Разъёмы PCIe: 2×(6+2)-pin,,images/PSU-550-BRONZE.jpg
PSU-650-BRONZE,Блоки питания,Cougar STX 650 Вт,Cougar,6490,11,Мощность: 650 Вт; Сертификат: 80 PLUS Bronze; Форм-фактор: ATX; Модульность: нет; Разъёмы PCIe: 2×(6+2)-pin,,images/PSU-650-BRONZE.jpg
PSU-750-GOLD,Блоки питания,Cougar GEX 750 Вт,Cougar,8990,9,Мощность: 750 Вт; Сертификат: 80 PLUS Gold; Форм-фактор: ATX; Модульность: полная; Разъёмы PCIe: 4×(6+2)-pin,,images/PSU-750-GOLD.jpg
PSU-850-ATX3,Блоки питания,be quiet! Pure Power 12 M 850 Вт ATX 3.0,be quiet!,13990,5,"Мощность: 850 Вт; Сертификат: 80 PLUS Gold; Форм-фактор: ATX; Стандарт: ATX 3.0; Модульность: полная; Разъёмы: 1×16-pin 12VHPWR, 4×(6+2)-pin",,images/PSU-850-ATX3.jpg
PSU-1000-ATX3,Блоки питания,Corsair RM1000x Shift 1000 Вт ATX 3.1,Corsair,18990,3,"Мощность: 1000 Вт; Сертификат: 80 PLUS Gold; Форм-фактор: ATX; Стандарт: ATX 3.1; Модульность: полная; Разъёмы: 1×16-pin 12V-2x6, 4×(6+2)-pin",Для RTX 4090 и топовых сборок.,images/PSU-1000-ATX3.jpg
PSU-750-SFX,Блоки питания,Cooler Master V750 SFX Gold,Cooler Master,13990,3,Мощность: 750 Вт; Сертификат: 80 PLUS Gold; Форм-фактор: SFX; Модульность: полная; Разъёмы PCIe: 3×(6+2)-pin,Для компактных Mini-ITX корпусов.,images/PSU-750-SFX.jpg
CASE-MATX-T8,Корпуса,Zalman T8,Zalman,2990,14,"Форм-факторы плат: ATX, mATX, Mini-ITX; Форм-фактор БП: ATX; Макс. длина видеокарты: 330 мм; Макс. высота кулера: 160 мм; Радиатор: до 120 мм; Вентиляторы в комплекте: 1; Цвет: чёрный",Бюджетный корпус.,images/CASE-MATX-T8.jpg
CASE-MATX-AIR,Корпуса,DeepCool CC360 ARGB,DeepCool,4990,11,"Форм-факторы плат: mATX, Mini-ITX; Форм-фактор БП: ATX; Макс. длина видеокарты: 320 мм; Макс. высота кулера: 165 мм; Радиатор: до 240 мм; Вентиляторы в комплекте: 3 ARGB; Цвет: чёрный",,images/CASE-MATX-AIR.jpg
CASE-ATX-CH560,Корпуса,DeepCool CH560 Digital,DeepCool,7990,6,"Форм-факторы плат: E-ATX, ATX, mATX, Mini-ITX; Форм-фактор БП: ATX; Макс. длина видеокарты: 380 мм; Макс. высота кулера: 175 мм; Радиатор: до 360 мм; Вентиляторы в комплекте: 4 ARGB; Цвет: чёрный; Экран температуры: да",,images/CASE-ATX-CH560.jpg
CASE-ATX-4000D,Корпуса,Corsair 4000D Airflow,Corsair,8490,7,"Форм-факторы плат: ATX, mATX, Mini-ITX; Форм-фактор БП: ATX; Макс. длина видеокарты: 360 мм; Макс. высота кулера: 170 мм; Радиатор: до 360 мм; Вентиляторы в комплекте: 2; Цвет: чёрный",,images/CASE-ATX-4000D.jpg
CASE-ATX-H5,Корпуса,NZXT H5 Flow White,NZXT,8990,5,"Форм-факторы плат: ATX, mATX, Mini-ITX; Форм-фактор БП: ATX; Макс. длина видеокарты: 365 мм; Макс. высота кулера: 165 мм; Радиатор: до 280 мм; Вентиляторы в комплекте: 2; Цвет: белый",,images/CASE-ATX-H5.jpg
CASE-ATX-LANCOOL,Корпуса,Lian Li LANCOOL 216 White,Lian Li,9990,4,"Форм-факторы плат: E-ATX, ATX, mATX, Mini-ITX; Форм-фактор БП: ATX; Макс. длина видеокарты: 392 мм; Макс. высота кулера: 180 мм; Радиатор: до 360 мм; Вентиляторы в комплекте: 3; Цвет: белый",,images/CASE-ATX-LANCOOL.jpg
CASE-ATX-NORTH,Корпуса,Fractal Design North,Fractal Design,13990,2,"Форм-факторы плат: ATX, mATX, Mini-ITX; Форм-фактор БП: ATX; Макс. длина видеокарты: 355 мм; Макс. высота кулера: 170 мм; Радиатор: до 360 мм; Вентиляторы в комплекте: 2; Цвет: чёрный/дерево",Стильный корпус с деревянной панелью.,images/CASE-ATX-NORTH.jpg
CASE-ITX-NR200P,Корпуса,Cooler Master NR200P,Cooler Master,9990,3,Форм-факторы плат: Mini-ITX; Форм-фактор БП: SFX; Макс. длина видеокарты: 330 мм; Макс. высота кулера: 155 мм; Радиатор: до 280 мм; Вентиляторы в комплекте: 2; Цвет: чёрный,Компактный корпус для ITX-сборок.,images/CASE-ITX-NR200P.jpg
COOL-SE214,Охлаждение,ID-COOLING SE-214-XT ARGB,ID-COOLING,1490,25,"Тип: башенный воздушный; Высота: 154 мм; TDP: до 180 Вт; Сокеты: AM4, AM5, LGA1700, LGA1851",,images/COOL-SE214.jpg
COOL-AK400,Охлаждение,DeepCool AK400,DeepCool,2690,20,"Тип: башенный воздушный; Высота: 155 мм; TDP: до 220 Вт; Сокеты: AM4, AM5, LGA1700, LGA1851",,images/COOL-AK400.jpg
COOL-PA120,Охлаждение,Thermalright Peerless Assassin 120 SE,Thermalright,3490,12,"Тип: башенный воздушный, 2 вентилятора; Высота: 157 мм; TDP: до 245 Вт; Сокеты: AM4, AM5, LGA1700, LGA1851",Лучший кулер за свои деньги.,images/COOL-PA120.jpg
COOL-AK620,Охлаждение,DeepCool AK620,DeepCool,5490,6,"Тип: башенный воздушный, 2 башни; Высота: 160 мм; TDP: до 260 Вт; Сокеты: AM4, AM5, LGA1700, LGA1851",,images/COOL-AK620.jpg
COOL-NHD15,Охлаждение,Noctua NH-D15 chromax.black,Noctua,11990,2,"Тип: башенный воздушный, 2 башни; Высота: 165 мм; TDP: до 250 Вт; Сокеты: AM4, AM5, LGA1700, LGA1851",Легендарно тихий кулер.,images/COOL-NHD15.jpg
COOL-AIO-240,Охлаждение,DeepCool LE520 240 мм,DeepCool,6490,5,"Тип: СЖО; Радиатор: 240 мм; TDP: до 250 Вт; Сокеты: AM4, AM5, LGA1700, LGA1851",,images/COOL-AIO-240.jpg
COOL-AIO-360,Охлаждение,ARCTIC Liquid Freezer III 360,ARCTIC,10990,4,"Тип: СЖО; Радиатор: 360 мм; TDP: до 300 Вт; Сокеты: AM4, AM5, LGA1700, LGA1851",,images/COOL-AIO-360.jpg
COOL-MX4,Охлаждение,Термопаста ARCTIC MX-4 4 г,ARCTIC,690,50,Тип: термопаста; Объём: 4 г,,images/COOL-MX4.jpg
MON-22-OFFICE,Мониторы,"Philips 221V8 21.5"" 75 Гц",Philips,7490,12,"Диагональ: 21.5""; Разрешение: 1920×1080; Матрица: VA; Частота: 75 Гц; Входы: HDMI, VGA",Для офиса и учёбы.,images/MON-22-OFFICE.jpg
MON-24-IPS-100,Мониторы,"Xiaomi A24i 23.8"" IPS 100 Гц",Xiaomi,9990,15,"Диагональ: 23.8""; Разрешение: 1920×1080; Матрица: IPS; Частота: 100 Гц; Отклик: 6 мс; Входы: HDMI, VGA",,images/MON-24-IPS-100.jpg
MON-24-IPS-165,Мониторы,"MSI G2412 23.8"" IPS 170 Гц",MSI,13990,10,"Диагональ: 23.8""; Разрешение: 1920×1080; Матрица: IPS; Частота: 170 Гц; Отклик: 1 мс; Входы: 2×HDMI, 1×DP; FreeSync: да",Игровой Full HD.,images/MON-24-IPS-165.jpg
MON-24-AOC-180,Мониторы,"AOC 24G4X 23.8"" IPS 180 Гц",AOC,15990,7,"Диагональ: 23.8""; Разрешение: 1920×1080; Матрица: IPS; Частота: 180 Гц; Отклик: 1 мс; Входы: 2×HDMI, 1×DP; HDR10: да",,images/MON-24-AOC-180.jpg
MON-27-FHD-165,Мониторы,"ASUS TUF Gaming VG279Q1A 27"" 165 Гц",ASUS,16990,6,"Диагональ: 27""; Разрешение: 1920×1080; Матрица: IPS; Частота: 165 Гц; Отклик: 1 мс; Входы: 2×HDMI, 1×DP",,images/MON-27-FHD-165.jpg
MON-27-QHD-180,Мониторы,"Xiaomi Mi Gaming Monitor G27Qi 27"" 2K 180 Гц",Xiaomi,21990,6,"Диагональ: 27""; Разрешение: 2560×1440; Матрица: Fast IPS; Частота: 180 Гц; Отклик: 1 мс; Входы: 2×HDMI, 1×DP; HDR400: да",Лучший 2K-монитор за свои деньги.,images/MON-27-QHD-180.jpg
MON-27-LG-QHD,Мониторы,"LG UltraGear 27GR75Q 27"" 2K 165 Гц",LG,26990,4,"Диагональ: 27""; Разрешение: 2560×1440; Матрица: IPS; Частота: 165 Гц; Отклик: 1 мс; Входы: 2×HDMI, 1×DP; G-SYNC Compatible: да",,images/MON-27-LG-QHD.jpg
MON-27-4K-OFFICE,Мониторы,"Dell S2721QS 27"" 4K",Dell,29990,3,"Диагональ: 27""; Разрешение: 3840×2160; Матрица: IPS; Частота: 60 Гц; Входы: 2×HDMI, 1×DP; Динамики: да","Для работы с документами, фото и дизайна.",images/MON-27-4K-OFFICE.jpg
MON-34-UW,Мониторы,"Samsung Odyssey G5 34"" UWQHD 165 Гц",Samsung,34990,2,"Диагональ: 34""; Разрешение: 3440×1440; Матрица: VA изогнутая 1000R; Частота: 165 Гц; Входы: 1×HDMI, 1×DP",Ультраширокий для игр и работы.,images/MON-34-UW.jpg
MON-27-4K-144,Мониторы,"ASUS ROG Strix XG27UCS 27"" 4K 160 Гц",ASUS,54990,2,"Диагональ: 27""; Разрешение: 3840×2160; Матрица: Fast IPS; Частота: 160 Гц; Отклик: 1 мс; Входы: 2×HDMI 2.1, 1×DP, USB-C",,images/MON-27-4K-144.jpg
MON-27-OLED-360,Мониторы,"Samsung Odyssey OLED G6 27"" 360 Гц",Samsung,79990,1,"Диагональ: 27""; Разрешение: 2560×1440; Матрица: QD-OLED; Частота: 360 Гц; Отклик: 0.03 мс; Входы: 2×HDMI 2.1, 1×DP",Для киберспорта: мгновенный отклик.,images/MON-27-OLED-360.jpg
KB-OFFICE-K120,Клавиатуры,Logitech K120 (мембранная),Logitech,990,40,Тип: мембранная; Раскладка: RU/EN; Подключение: USB,,images/KB-OFFICE-K120.jpg
KB-WL-MK270,Клавиатуры,Logitech MK270 комплект клавиатура + мышь,Logitech,2490,20,"Тип: мембранная, беспроводной комплект; Подключение: 2.4 ГГц; Раскладка: RU/EN",,images/KB-WL-MK270.jpg
KB-MECH-K552,Клавиатуры,Redragon Kumara K552 RGB,Redragon,3290,18,Тип: механическая TKL; Переключатели: Outemu Red; Подсветка: RGB; Подключение: USB; Раскладка: RU/EN,,images/KB-MECH-K552.jpg
KB-MECH-AULA,Клавиатуры,"AULA F75 (Hot-Swap, беспроводная)",AULA,5990,9,"Тип: механическая 75%; Переключатели: LEOBOG Reaper, hot-swap; Подключение: USB-C, 2.4 ГГц, Bluetooth; Подсветка: RGB",Популярная клавиатура с «вкусным» звуком.,images/KB-MECH-AULA.jpg
KB-HX-ORIGINS,Клавиатуры,HyperX Alloy Origins Core,HyperX,8990,4,Тип: механическая TKL; Переключатели: HyperX Red; Подсветка: RGB; Подключение: USB-C,,images/KB-HX-ORIGINS.jpg
KB-LOGI-MX,Клавиатуры,Logitech MX Keys S,Logitech,11990,3,"Тип: низкопрофильная ножничная; Подключение: Bluetooth, Logi Bolt; Подсветка: да; Аккумулятор: да",Для работы и офиса.,images/KB-LOGI-MX.jpg
MS-OFFICE-B100,Мыши и коврики,Logitech B100,Logitech,590,50,Тип: мышь проводная; Сенсор: оптический 800 DPI; Подключение: USB,,images/MS-OFFICE-B100.jpg
MS-G102,Мыши и коврики,Logitech G102 Lightsync,Logitech,1990,30,Тип: мышь игровая проводная; Сенсор: 8000 DPI; Вес: 85 г; Подсветка: RGB,,images/MS-G102.jpg
MS-G305,Мыши и коврики,Logitech G305 Lightspeed,Logitech,3990,15,Тип: мышь беспроводная; Сенсор: HERO 12K; Подключение: 2.4 ГГц; Вес: 99 г,,images/MS-G305.jpg
MS-VIPER-V3,Мыши и коврики,Razer DeathAdder V3 HyperSpeed,Razer,7990,5,Тип: мышь беспроводная; Сенсор: Focus X 26K; Вес: 55 г; Подключение: 2.4 ГГц,,images/MS-VIPER-V3.jpg
MS-GPX2,Мыши и коврики,Logitech G PRO X SUPERLIGHT 2,Logitech,14990,3,Тип: мышь беспроводная; Сенсор: HERO 2 32K; Вес: 60 г; Подключение: Lightspeed,Выбор киберспортсменов.,images/MS-GPX2.jpg
PAD-XL,Мыши и коврики,Коврик ARDOR GAMING XL 900×400,ARDOR,1290,25,Тип: коврик тканевый; Размер: 900×400×3 мм,,images/PAD-XL.jpg
HS-H390,Гарнитуры и аудио,Logitech H390 USB,Logitech,2990,12,Тип: гарнитура для звонков; Подключение: USB; Микрофон: да,Для учёбы и видеозвонков.,images/HS-H390.jpg
HS-CLOUD2,Гарнитуры и аудио,HyperX Cloud II,HyperX,7990,8,Тип: гарнитура игровая; Звук: 7.1 виртуальный; Подключение: 3.5 мм / USB; Микрофон: съёмный,,images/HS-CLOUD2.jpg
HS-ARCTIS-NOVA,Гарнитуры и аудио,SteelSeries Arctis Nova 5 Wireless,SteelSeries,12990,3,"Тип: гарнитура беспроводная; Подключение: 2.4 ГГц, Bluetooth; Автономность: до 60 ч; Микрофон: да",,images/HS-ARCTIS-NOVA.jpg
SPK-EDIFIER,Гарнитуры и аудио,Edifier R1280DB,Edifier,9990,4,"Тип: колонки 2.0; Мощность: 42 Вт; Подключение: Bluetooth, оптика, RCA",,images/SPK-EDIFIER.jpg
SPK-CREATIVE,Гарнитуры и аудио,Creative Pebble V3,Creative,3490,10,"Тип: колонки 2.0; Мощность: 16 Вт; Подключение: USB-C, Bluetooth, 3.5 мм",,images/SPK-CREATIVE.jpg
CAM-C270,Веб-камеры и микрофоны,Logitech C270 HD,Logitech,2490,15,Тип: веб-камера; Разрешение: 720p; Микрофон: да; Подключение: USB,,images/CAM-C270.jpg
CAM-C920,Веб-камеры и микрофоны,Logitech C920 Pro HD,Logitech,6990,6,Тип: веб-камера; Разрешение: 1080p 30 fps; Микрофон: стерео; Подключение: USB,Для стримов и конференций.,images/CAM-C920.jpg
MIC-FIFINE,Веб-камеры и микрофоны,FIFINE AmpliGame A6T,FIFINE,3990,8,Тип: USB-микрофон; Диаграмма: кардиоида; Подсветка: RGB; Подключение: USB,,images/MIC-FIFINE.jpg
MIC-HX-SOLOCAST,Веб-камеры и микрофоны,HyperX SoloCast,HyperX,5490,5,Тип: USB-микрофон; Диаграмма: кардиоида; Частота: 24 бит/96 кГц; Подключение: USB-C,,images/MIC-HX-SOLOCAST.jpg
NET-WIFI-AX,Сетевое оборудование,TP-Link Archer TX20U Wi-Fi 6 USB-адаптер,TP-Link,2490,12,Тип: Wi-Fi адаптер USB; Стандарт: Wi-Fi 6 (AX1800); Подключение: USB 3.0,Если на плате нет Wi-Fi.,images/NET-WIFI-AX.jpg
NET-WIFI-PCIE,Сетевое оборудование,ASUS PCE-AXE5400 Wi-Fi 6E PCIe,ASUS,4990,4,Тип: Wi-Fi адаптер PCIe; Стандарт: Wi-Fi 6E + Bluetooth 5.2; Подключение: PCIe x1,,images/NET-WIFI-PCIE.jpg
NET-ROUTER-AX23,Сетевое оборудование,TP-Link Archer AX23 роутер Wi-Fi 6,TP-Link,5490,8,Тип: роутер; Стандарт: Wi-Fi 6 (AX1800); Порты: 4×1 Гбит/с LAN,,images/NET-ROUTER-AX23.jpg
NET-CABLE-5M,Сетевое оборудование,Кабель витая пара Cat.6 5 м,Cablexpert,390,40,Тип: кабель Ethernet; Категория: Cat.6; Длина: 5 м,,images/NET-CABLE-5M.jpg
UPS-650,ИБП и сетевые фильтры,Ippon Back Basic 650,Ippon,4990,6,Тип: ИБП линейно-интерактивный; Мощность: 650 ВА / 360 Вт; Розетки: 3,Защита от скачков и отключений света.,images/UPS-650.jpg
UPS-1500,ИБП и сетевые фильтры,APC Back-UPS Pro 1500,APC,19990,2,Тип: ИБП линейно-интерактивный; Мощность: 1500 ВА / 865 Вт; Розетки: 6; Дисплей: да,Для мощного игрового ПК.,images/UPS-1500.jpg
PWR-FILTER,ИБП и сетевые фильтры,Сетевой фильтр Pilot X-Pro 5 розеток 3 м,Pilot,1490,20,Тип: сетевой фильтр; Розетки: 5; Длина кабеля: 3 м,,images/PWR-FILTER.jpg
PC-OFFICE-5600G,Готовые ПК,SIPRO Office R5 (Ryzen 5 5600G / 16 ГБ / 512 ГБ),SIPRO,39990,5,"Назначение: офис, учёба; Процессор: Ryzen 5 5600G; Видеокарта: встроенная Radeon Vega 7; ОЗУ: 16 ГБ DDR4; SSD: 500 ГБ NVMe; БП: 450 Вт; ОС: без ОС","Для офиса, учёбы, интернета и видео.",images/PC-OFFICE-5600G.jpg
PC-WORK-13400,Готовые ПК,SIPRO Work i5 (Core i5-13400 / 32 ГБ / 1 ТБ),SIPRO,59990,3,"Назначение: работа, учёба; Процессор: Core i5-13400; Видеокарта: встроенная UHD 730; ОЗУ: 32 ГБ DDR4; SSD: 1 ТБ NVMe; БП: 450 Вт; ОС: без ОС","Для бухгалтерии, 1С, браузера с сотней вкладок.",images/PC-WORK-13400.jpg
PC-GAME-6600,Готовые ПК,SIPRO Gamer Start (Ryzen 5 5600 / RX 6600 / 16 ГБ / 512 ГБ),SIPRO,64990,4,Назначение: игры; Процессор: Ryzen 5 5600; Видеокарта: RX 6600 8 ГБ; ОЗУ: 16 ГБ DDR4-3200; SSD: 500 ГБ NVMe; БП: 550 Вт; Корпус: mATX,"CS2, Dota 2, Valorant на высоких — 144+ FPS.",images/PC-GAME-6600.jpg
PC-GAME-4060,Готовые ПК,SIPRO Gamer (Ryzen 5 7600 / RTX 4060 / 32 ГБ / 1 ТБ),SIPRO,99990,3,Назначение: игры; Процессор: Ryzen 5 7600; Видеокарта: RTX 4060 8 ГБ; ОЗУ: 32 ГБ DDR5-6000; SSD: 1 ТБ NVMe; БП: 650 Вт Bronze; Корпус: mATX ARGB,Игры в Full HD на высоких/ультра настройках.,images/PC-GAME-4060.jpg
PC-GAME-4060TI,Готовые ПК,SIPRO Gamer+ (Core i5-14600KF / RTX 4060 Ti / 32 ГБ / 1 ТБ),SIPRO,129990,2,"Назначение: игры, стриминг; Процессор: Core i5-14600KF; Видеокарта: RTX 4060 Ti 8 ГБ; ОЗУ: 32 ГБ DDR5; SSD: 1 ТБ NVMe; БП: 750 Вт Gold; Корпус: ATX",,images/PC-GAME-4060TI.jpg
PC-GAME-4070S,Готовые ПК,SIPRO Gamer Pro (Ryzen 7 7800X3D / RTX 4070 SUPER / 32 ГБ / 2 ТБ),SIPRO,179990,2,"Назначение: игры, стриминг; Процессор: Ryzen 7 7800X3D; Видеокарта: RTX 4070 SUPER 12 ГБ; ОЗУ: 32 ГБ DDR5-6000; SSD: 2 ТБ NVMe; БП: 750 Вт Gold; Корпус: ATX Airflow","Игры в 1440p на ультра, стриминг.",images/PC-GAME-4070S.jpg
PC-CREATOR-9900X,Готовые ПК,SIPRO Creator (Ryzen 9 9900X / RTX 4080 SUPER / 64 ГБ / 2 ТБ),SIPRO,279990,1,"Назначение: монтаж, 3D, нейросети, игры; Процессор: Ryzen 9 9900X; Видеокарта: RTX 4080 SUPER 16 ГБ; ОЗУ: 64 ГБ DDR5; SSD: 2 ТБ NVMe; БП: 850 Вт ATX 3.0; Охлаждение: СЖО 360 мм","Монтаж 4K/8K, 3D, нейросети, игры в 4K.",images/PC-CREATOR-9900X.jpg
PC-ULTRA-4090,Готовые ПК,SIPRO Ultimate (Ryzen 7 7800X3D / RTX 4090 / 64 ГБ / 4 ТБ),SIPRO,399990,0,"Назначение: игры 4K, нейросети; Процессор: Ryzen 7 7800X3D; Видеокарта: RTX 4090 24 ГБ; ОЗУ: 64 ГБ DDR5-6000; SSD: 2×2 ТБ NVMe; БП: 1000 Вт ATX 3.1; Охлаждение: СЖО 360 мм",Сборка под заказ за 3–5 дней.,images/PC-ULTRA-4090.jpg
